
insert into Instructor values('i_1001','Taskid',' Zaved',634);
insert into Instructor values('i_1002','Shaila','Sharmin',635);
insert into Instructor values('i_1003','Maheen','Islam',636);
insert into Instructor values('i_1004','Shamim','Akter',637);
insert into Instructor values('i_1005','Shamim','Ripon',638);
insert into Instructor values('i_1006','Nawab','Yousuf',639);
insert into Instructor values('i_1007','Rezwanul','Haque',640);
insert into Instructor values('i_1008','Imtiaz','Ud-din',640);
insert into Instructor values('i_1009','Sarwar','Kamal',641);
insert into Instructor values('i_1010','Touhid','Vuinya',642);

insert into Student values('s_1001','i_1001','Rudra',' Zaman',60,3.00);
insert into Student values('s_1002','i_1001','Tanzila','Haque',60,3.26);
insert into Student values('s_1003','i_1007','Nazia','Zerin',60,3.5);
insert into Student values('s_1004','i_1002','Nazmoon','Nahar',60,3.6);
insert into Student values('s_1005','i_1010','Samira','Akter',60,3.7);
insert into Student values('s_1006','i_1009','Shakil','Ahmed',60,3.2);
insert into Student values('s_1007','i_1007','Tasfia','Tasnim',60,3.3);
insert into Student values('s_1008','i_1002','Akhi','Akter',60,3.5);
insert into Student values('s_1009','i_1005','Khadija','Akter',60,3.6);
insert into Student values('s_1010','i_1004','Tasnim','Akter',60,3.4);


insert into Course values('CSE301','Database Management System',4);
insert into Course values('CSE105','Structured Programming',4);
insert into Course values('CSE107','Object Oriented Programme',4);
insert into Course values('CSE205','Discrete Mathmatics',3);
insert into Course values('CSE207','Data Structure',4);
insert into Course values('CSE109','Electrical Circuit',4);
insert into Course values('CSE251','Electronic Circuit',4);
insert into Course values('CSE248','Signal and Systems',3);
insert into Course values('CSE245','Algorithm',4);
insert into Course values('CSE325','Opareting System',4);
insert into Course values('CSE350','Data Communication',3);
insert into Course values('CSE225','Neumeric Methods',4);
insert into Course values('CSE345','Digital Logic Designing',4);
insert into Course values('CSE360','Computer Architechture',4);
insert into Course values('CSE365','Artificial Intelligence',4);
insert into Course values('CSE375','Compilor Designing',3);
insert into Course values('CSE405','Computer Network',4);
insert into Course values('CSE409','System Programming',4);
insert into Course values('CSE411','Software Engineering',4);
insert into Course values('CSE413','Automata Theory',3);
insert into Course values('CSE420','Computer Graphics',3);
insert into Course values('CSE422','Simulation and Modeling',3);
insert into Course values('CSE432','Digital Signal Processing',4);
insert into Course values('CSE433','Wireless Programming',4);
insert into Course values('CSE434','Enterprise Application Design and Development',3);
insert into Course values('CSE435','Software Quality Assurance',3);
insert into Course values('CSE436','Multimidia Design and Development',3);
insert into Course values('CSE437','Advance Computer Architechture',3);
insert into Course values('CSE438','Digital Image Processing',3);
insert into Course values('CSE439','Advance Digital Logic Designing',3);
insert into Course values('CSE440','Data Compression',3);
insert into Course values('CSE441','Component Based Design and Development',3);
insert into Course values('CSE442','Microprocessor and Microcontrolar',4);
insert into Course values('CSE444','Fault Tolerant System',3);
insert into Course values('CSE450','Data Structure and Algorithm',4);
insert into Course values('CSE451','Advance Data Communication',3);
insert into Course values('CSE452','Distributed System and Algorithm',3);
insert into Course values('CSE453','Wireless Network',3);
insert into Course values('CSE454','Multimidia Communication',3);
insert into Course values('CSE455','Optical Networks',3);
insert into Course values('CSE456','Wide Area Networks',3);
insert into Course values('CSE457','Cellular Networks',3);
insert into Course values('CSE460','Programming Language Principle',3);
insert into Course values('CSE464','Advance Database System',3);
insert into Course values('CSE470','Expert Systems',3);
insert into Course values('CSE474','Pattern Recognition',3);
insert into Course values('CSE475','Mechine Learning',3);
insert into Course values('CSE476','Soft Computing',4);
insert into Course values('CSE477','Data Mining',3);
insert into Course values('CSE478','Stochastic Processes',3);
insert into Course values('CSE480','Web Database Programming',4);
insert into Course values('CSE482','Parallel Computing',3);
insert into Course values('CSE483','Graph Theory',3);
insert into Course values('CSE484','Computational Geometry',3);
insert into Course values('CSE485','Advance Algorithm',3);
insert into Course values('CSE486','Bioinformatics Algorithm',3);
insert into Course values('CSE490','VlSI Designing',4);
insert into Course values('CSE492','Robotics',3);
insert into Course values('CSE493','Embeded Systems',4);
insert into Course values('CSE497','Thesis / Project',4);
insert into Course values('CSE498','Social and Professional Issues of Computing',3);
insert into Course values('CSE499','Internship',3);





insert into C_completed values('s_1001','CSE301');
insert into C_completed values('s_1001','CSE105');
insert into C_completed values('s_1001','CSE107'); 
insert into C_completed values('s_1001','CSE109'); 
insert into C_completed values('s_1001','CSE205'); 
insert into C_completed values('s_1001','CSE3207');
insert into C_completed values('s_1001','CSE251');
insert into C_completed values('s_1002','CSE301');
insert into C_completed values('s_1002','CSE105');
insert into C_completed values('s_1002','CSE107'); 
insert into C_completed values('s_1002','CSE109'); 
insert into C_completed values('s_1002','CSE205'); 
insert into C_completed values('s_1002','CSE3207');
insert into C_completed values('s_1002','CSE251');
insert into C_completed values('s_1003','CSE301');
insert into C_completed values('s_1003','CSE105');
insert into C_completed values('s_1003','CSE107'); 
insert into C_completed values('s_1003','CSE109'); 
insert into C_completed values('s_1003','CSE205'); 
insert into C_completed values('s_1003','CSE3225');
insert into C_completed values('s_1003','CSE251');
insert into C_completed values('s_1004','CSE301');
insert into C_completed values('s_1004','CSE105');
insert into C_completed values('s_1004','CSE107'); 
insert into C_completed values('s_1004','CSE109'); 
insert into C_completed values('s_1004','CSE205'); 
insert into C_completed values('s_1004','CSE3207');
insert into C_completed values('s_1004','CSE251');
insert into C_completed values('s_1005','CSE301');
insert into C_completed values('s_1005','CSE105');
insert into C_completed values('s_1005','CSE107'); 
insert into C_completed values('s_1005','CSE109'); 
insert into C_completed values('s_1005','CSE205'); 
insert into C_completed values('s_1005','CSE3207');
insert into C_completed values('s_1005','CSE251');
insert into C_completed values('s_1006','CSE301');
insert into C_completed values('s_1006','CSE105');
insert into C_completed values('s_1006','CSE107'); 
insert into C_completed values('s_1006','CSE109'); 
insert into C_completed values('s_1006','CSE205'); 
insert into C_completed values('s_1006','CSE3207');
insert into C_completed values('s_1006','CSE251');
insert into C_completed values('s_1007','CSE301');
insert into C_completed values('s_1007','CSE105');
insert into C_completed values('s_1007','CSE107'); 
insert into C_completed values('s_1007','CSE109'); 
insert into C_completed values('s_1007','CSE205'); 
insert into C_completed values('s_1007','CSE3207');
insert into C_completed values('s_1007','CSE251');
insert into C_completed values('s_1008','CSE301');
insert into C_completed values('s_1008','CSE105');
insert into C_completed values('s_1008','CSE248');

insert into C_completed values('s_1008','CSE107'); 
insert into C_completed values('s_1008','CSE109'); 
insert into C_completed values('s_1008','CSE205'); 
insert into C_completed values('s_1008','CSE3207');
insert into C_completed values('s_1008','CSE251');
insert into C_completed values('s_1009','CSE301');
insert into C_completed values('s_1009','CSE105');
insert into C_completed values('s_1009','CSE107'); 
insert into C_completed values('s_1009','CSE109'); 
insert into C_completed values('s_1009','CSE205'); 
insert into C_completed values('s_1009','CSE248');

insert into C_completed values('s_1009','CSE3207');
insert into C_completed values('s_1009','CSE251');
insert into C_completed values('s_1010','CSE301');
insert into C_completed values('s_1010','CSE105');
insert into C_completed values('s_1010','CSE248');
insert into C_completed values('s_1001','CSE248');
insert into C_completed values('s_1002','CSE248');
insert into C_completed values('s_1003','CSE248');
insert into C_completed values('s_1004','CSE248');
insert into C_completed values('s_1005','CSE248');
insert into C_completed values('s_1006','CSE248');
insert into C_completed values('s_1007','CSE248');
insert into C_completed values('s_1001','CSE225');
insert into C_completed values('s_1002','CSE225');
insert into C_completed values('s_1003','CSE225');
insert into C_completed values('s_1004','CSE225');
insert into C_completed values('s_1005','CSE225');
insert into C_completed values('s_1006','CSE225');
insert into C_completed values('s_1007','CSE225');
insert into C_completed values('s_1008','CSE225');
insert into C_completed values('s_1009','CSE225');
insert into C_completed values('s_1010','CSE225');
insert into C_completed values('s_1001','MAT104');
insert into C_completed values('s_1002',' MAT104');
insert into C_completed values('s_1003',' MAT104');
insert into C_completed values('s_1004',' MAT104');
insert into C_completed values('s_1005',' MAT104');
insert into C_completed values('s_1006',' MAT104');
insert into C_completed values('s_1007',' MAT104');
insert into C_completed values('s_1008',' MAT104');
insert into C_completed values('s_1009',' MAT104');
insert into C_completed values('s_1010',' MAT104');
insert into C_completed values('s_1001','MAT205');
insert into C_completed values('s_1002',' MAT205');
insert into C_completed values('s_1003',' MAT205');
insert into C_completed values('s_1004',' MAT205');
insert into C_completed values('s_1005',' MAT205');
insert into C_completed values('s_1006',' MAT205');
insert into C_completed values('s_1007',' MAT205');
insert into C_completed values('s_1008',' MAT205');
insert into C_completed values('s_1009',' MAT205');
insert into C_completed values('s_1010',' MAT205');

insert into C_completed values('s_1001','PHY109');
insert into C_completed values('s_1002',' PHY109');
insert into C_completed values('s_1003',' PHY109');
insert into C_completed values('s_1004',' PHY109');
insert into C_completed values('s_1005',' PHY109');
insert into C_completed values('s_1006',' PHY109');
insert into C_completed values('s_1007',' PHY109');
insert into C_completed values('s_1008',' PHY109');
insert into C_completed values('s_1009',' PHY109');
insert into C_completed values('s_1010',' PHY109');
insert into C_completed values('s_1010','CSE107'); 
insert into C_completed values('s_1010','CSE109'); 
insert into C_completed values('s_1010','CSE205'); 
insert into C_completed values('s_1010','CSE3207');
insert into C_completed values('s_1010','CSE251');


insert into C_taken values('s_1001','CSE350');
insert into C_taken values('s_1001','CSE360');
insert into C_taken values('s_1001','CSE325');
insert into C_taken values('s_1001','CSE365');
insert into C_taken values('s_1002','CSE350');
insert into C_taken values('s_1002','CSE360');
insert into C_taken values('s_1002','CHE109');
insert into C_taken values('s_1002','PHY109');
insert into C_taken values('s_1003','CSE350');
insert into C_taken values('s_1003','CSE360');
insert into C_taken values('s_1003','CSE325'); 
insert into C_taken values('s_1004','CSE350');
insert into C_taken values('s_1004','CSE360');
insert into C_taken values('s_1004','CSE325');
insert into C_taken values('s_1004','ECO101');
insert into C_taken values('s_1005','CSE350');
insert into C_taken values('s_1005','CSE360');
insert into C_taken values('s_1005','CSE325');
insert into C_taken values('s_1005','CSE365');
insert into C_taken values('s_1006','CSE350');
insert into C_taken values('s_1006','CSE360');
insert into C_taken values('s_1006','GEN210');
insert into C_taken values('s_1006','ACT101');
insert into C_taken values('s_1007','CSE350');
insert into C_taken values('s_1007','CSE360');
insert into C_taken values('s_1007','PHY109');
insert into C_taken values('s_1007','GEN201');
insert into C_taken values('s_1008','CSE350');
insert into C_taken values('s_1008','CSE360');
insert into C_taken values('s_1008','MAT205');
insert into C_taken values('s_1008','CHE109');
insert into C_taken values('s_1009','CSE350');
insert into C_taken values('s_1009','CSE360');
insert into C_taken values('s_1009','CSE325');
insert into C_taken values('s_1009','ACT101');
insert into C_taken values('s_1010','CSE350');
insert into C_taken values('s_1010','CSE360');
insert into C_taken values('s_1010','CSE325');
insert into C_taken values('s_1010','CSE65');

insert into P_req values('CSE464','CSE301');
insert into P_req values('CSE251','CSE109');
insert into P_req values('CSE107','CSE105');
insert into P_req values('CSE225','MAT102');
insert into P_req values('CSE225','CSE105');
insert into P_req values('PHY209','PHY109');
insert into P_req values('CSE350','CSE248');
insert into P_req values('MAT205','MAT104');
insert into P_req values('CSE205','CSE107');
insert into P_req values('CSE245','CSE207');
insert into P_req values('CSE301','CSE205');
insert into P_req values('CSE345','CSE251');
insert into P_req values('CSE248','CSE205');
insert into P_req values('CSE350','CSE251');
insert into P_req values('CSE360','CSE345');
insert into P_req values('CSE365','CSE245');
insert into P_req values('CSE365','CSE245');
insert into P_req values('CSE375','CSE245');
insert into P_req values('CSE405','CSE245');
insert into P_req values('CSE405','CSE350');
insert into P_req values('CSE409','CSE325');
insert into P_req values('CSE411','CSE301');
insert into P_req values('CSE420','CSE245');
insert into P_req values('CSE422','CSE245');
insert into P_req values('CSE432','CSE248');
insert into P_req values('CSE433','CSE107');
insert into P_req values('CSE434','CSE411');
insert into P_req values('CSE435','CSE411');
insert into P_req values('CSE436','CSE411');
insert into P_req values('CSE437','CSE360');
insert into P_req values('CSE438','CSE248');
insert into P_req values('CSE439','CSE345');
insert into P_req values('CSE440','CSE245');
insert into P_req values('CSE442','CSE360');
insert into P_req values('CSE444','CSE345');
insert into P_req values('CSE450','CSE105');
insert into P_req values('CSE451','CSE350');
insert into P_req values('CSE452','CSE245');
insert into P_req values('CSE452','CSE325');
insert into P_req values('CSE453','CSE405');
insert into P_req values('CSE454','CSE405');
insert into P_req values('CSE455','CSE405');
insert into P_req values('CSE456','CSE405');
insert into P_req values('CSE457','CSE405');
insert into P_req values('CSE460','CSE107');
insert into P_req values('CSE464','CSE301');
insert into P_req values('CSE470','CSE365');
insert into P_req values('CSE474','CSE365');
insert into P_req values('CSE475','CSE365');
insert into P_req values('CSE476','CSE365');
insert into P_req values('CSE477','CSE365');
insert into P_req values('CSE478','CSE245');
insert into P_req values('CSE480','CSE301');
insert into P_req values('CSE482','CSE245');
insert into P_req values('CSE483','CSE245');
insert into P_req values('CSE484','CSE245');
insert into P_req values('CSE485','CSE245');
insert into P_req values('CSE486','CSE245');
insert into P_req values('CSE490','CSE345');
insert into P_req values('CSE492','CSE365');
insert into P_req values('CSE493','CSE442');
